Workbook

Sheet 📊 Dashboard
A1: 🎯 AI TECH STACK LEARNING TRACKER
A2: Your personalized roadmap from LinkedIn research — track your progress week by week
B4: 📈 OVERALL PROGRESS
B6: Metric | C6: Count | D6: % | E6: Status
B7: 📋 Total Topics | C7: =COUNTA(Tracker!B:B)-1
B8: ✅ Completed | C8: =COUNTIF(Tracker!C:C,"✅ Done") | D8: =C8/C7 | E8: =IF(C8/C7>=0.7,"🔥 On fire!",IF(C8/C7>=0.3,"💪 Progressing","🌱 Just starting"))
B9: 🔄 In Progress | C9: =COUNTIF(Tracker!C:C,"🔄 In Progress") | D9: =C9/C7
B10: 📌 To Do | C10: =COUNTIF(Tracker!C:C,"📌 To Do") | D10: =C10/C7
B11: ⏭️ Skipped | C11: =COUNTIF(Tracker!C:C,"⏭️ Skipped") | D11: =C11/C7
B12: ⏱️ Total Hours Planned | C12: =SUM(Tracker!F:F)
B13: ⏱️ Hours Completed | C13: =SUMIFS(Tracker!F:F,Tracker!C:C,"✅ Done") | D13: =C13/C12
B16: 🎯 PROGRESS BY PRIORITY
B18: Priority | C18: Total | D18: Done | E18: %
B19: 🔴 Must | C19: =COUNTIF(Tracker!D:D,"Must") | D19: =COUNTIFS(Tracker!D:D,"Must",Tracker!C:C,"✅ Done") | E19: =IFERROR(D19/C19,0)
B20: 🟠 High | C20: =COUNTIF(Tracker!D:D,"High") | D20: =COUNTIFS(Tracker!D:D,"High",Tracker!C:C,"✅ Done") | E20: =IFERROR(D20/C20,0)
B21: 🟡 Medium | C21: =COUNTIF(Tracker!D:D,"Medium") | D21: =COUNTIFS(Tracker!D:D,"Medium",Tracker!C:C,"✅ Done") | E21: =IFERROR(D21/C21,0)
B22: 🟢 Low | C22: =COUNTIF(Tracker!D:D,"Low") | D22: =COUNTIFS(Tracker!D:D,"Low",Tracker!C:C,"✅ Done") | E22: =IFERROR(D22/C22,0)
B24: 💡 HOW TO USE THIS TRACKER
B25: 1. Go to the 'Tracker' tab — that's your main work area
B26: 2. Update the 'Status' column as you progress (click cell to see dropdown)
B27: 3. Use the 'Notes' column to log resources, links, or learnings
B28: 4. Fill in 'Started Date' and 'Completed Date' to track your timeline
B29: 5. Come back to this Dashboard to see overall progress
B30: 6. Focus on 🔴 Must-priority items first — skip nothing
B31: 7. The 'Weekly Plan' tab gives you a week-by-week structure
B32: 8. Celebrate milestones — 25%, 50%, 75%, 100% completion!

Sheet Tracker
A1: Section | B1: Topic | C1: Status | D1: Priority | E1: Difficulty | F1: Hours | G1: Started Date | H1: Completed Date | I1: Notes / Resources
A2: TIER 1: FOUNDATIONS (Weeks 1-4) | B2: Python (advanced): async, type hints, decorators | C2: 📌 To Do | D2: Must | E2: Medium | F2: 20 | I2: Core language for all AI work
A3: TIER 1: FOUNDATIONS (Weeks 1-4) | B3: APIs & JSON: structured data, parsing, validation | C3: 📌 To Do | D3: Must | E3: Easy | F3: 8 | I3: Every agent wraps APIs
A4: TIER 1: FOUNDATIONS (Weeks 1-4) | B4: LLM Fundamentals: tokens, context windows, temperature | C4: 📌 To Do | D4: Must | E4: Easy | F4: 6 | I4: Understand constraints
A5: TIER 1: FOUNDATIONS (Weeks 1-4) | B5: Prompt Engineering: Zero-shot, Few-shot, CoT, ReAct, ToT | C5: 📌 To Do | D5: Must | E5: Medium | F5: 15 | I5: Different problems, different patterns
A6: TIER 1: FOUNDATIONS (Weeks 1-4) | B6: Git + GitHub: version-controlled prompts & agent code | C6: 📌 To Do | D6: Must | E6: Easy | F6: 6 | I6: Prompts are code
A7: TIER 1: FOUNDATIONS (Weeks 1-4) | B7: Logic & control thinking: decision flows, loops, edge cases | C7: 📌 To Do | D7: Must | E7: Medium | F7: 10 | I7: Agents fail when logic is weak
A8: TIER 1: FOUNDATIONS (Weeks 1-4) | B8: Automation mindset: break workflows into repeatable steps | C8: 📌 To Do | D8: Must | E8: Easy | F8: 5 | I8: Agents are systems, not scripts
A9: TIER 2: CORE AI STACK (Weeks 5-10) | B9: Transformers: attention, tokenization, encoder/decoder | C9: 📌 To Do | D9: High | E9: Hard | F9: 15 | I9: Concepts, not building from scratch
A10: TIER 2: CORE AI STACK (Weeks 5-10) | B10: Embeddings: OpenAI, SBERT, Voyage AI | C10: 📌 To Do | D10: Must | E10: Medium | F10: 10 | I10: Text to vectors
A11: TIER 2: CORE AI STACK (Weeks 5-10) | B11: Postgres + pgvector (PRIORITY vector DB) | C11: 📌 To Do | D11: Must | E11: Medium | F11: 12 | I11: Modern stack — single store
A12: TIER 2: CORE AI STACK (Weeks 5-10) | B12: Pinecone / Qdrant / ChromaDB (alternatives) | C12: 📌 To Do | D12: Medium | E12: Medium | F12: 8 | I12: Know at least one
A13: TIER 2: CORE AI STACK (Weeks 5-10) | B13: RAG: chunking, retrieval, reranking, hybrid search | C13: 📌 To Do | D13: Must | E13: Medium | F13: 20 | I13: One pattern — not default
... A95: THE 3 PROJECTS TO BUILD (Portfolio) | B95: Project 3: LangGraph multi-step agent + memory + evals | C95: 📌 To Do | D95: Must | E95: Hard | F95: 50 | I95: Production-grade demo
A96: TOTAL | B96: 94 topics to master | F96: =SUM(F2:F95)

Sheet 📅 Weekly Plan
A1: 📅 90-DAY WEEKLY LEARNING PLAN
A3: Week | B3: Phase | C3: Focus Topics | D3: Status | E3: Completion Date
A4: Week 1 | B4: Foundations | C4: Python advanced + APIs & JSON fundamentals | D4: 📌 Not Started
A5: Week 2 | B5: Foundations | C5: LLM basics + Prompt Engineering (Zero-shot, Few-shot) | D5: 📌 Not Started
A6: Week 3 | B6: Foundations | C6: Chain-of-Thought, ReAct, Tree-of-Thought patterns | D6: 📌 Not Started
A7: Week 4 | B7: Foundations | C7: Git workflows + Automation mindset + Logic flows | D7: 📌 Not Started
A8: Week 5 | B8: Core AI | C8: Transformers concepts + Attention mechanism | D8: 📌 Not Started
A9: Week 6 | B9: Core AI | C9: Embeddings + Postgres + pgvector setup | D9: 📌 Not Started
A10: Week 7 | B10: Core AI | C10: Claude API: tool calling, structured outputs | D10: 📌 Not Started
A11: Week 8 | B11: Core AI | C11: Build your first RAG: chunking + retrieval | D11: 📌 Not Started
A12: Week 9 | B12: Core AI | C12: RAG advanced: reranking, hybrid search, GraphRAG | D12: 📌 Not Started
A13: Week 10 | B13: Core AI | C13: Ollama local models + data extraction tools | D13: 📌 Not Started
A14: Week 11 | B14: Agents | C14: Tool calling deep dive + MCP fundamentals | D14: 📌 Not Started
A15: Week 12 | B15: Agents | C15: Build your first MCP Server (local stdio) | D15: 📌 Not Started
... A33: Week 30 | B33: Portfolio | C33: 📝 Document all 3 projects + publish on GitHub | D33: 📌 Not Started

Sheet 🧠 Mindset Shifts
A1: 🧠 2026 MINDSET SHIFTS
A2: The most important thing from the LinkedIn posts — how to THINK, not just what to learn
B4: ❌ OLD Mindset (2024) | C4: → | D4: ✅ NEW Mindset (2026)
A5: 1 | B5: Framework-driven | C5: → | D5: Model + Tools + Context-driven
A6: 2 | B6: Chains | C6: → | D6: Agents with decision loops
A7: 3 | B7: Build first | C7: → | D7: Evaluate first
A8: 4 | B8: Chat-based AI | C8: → | D8: System-based AI
A9: 5 | B9: One-off prompts | C9: → | D9: Reusable workflows
A10: 6 | B10: Static outputs | C10: → | D10: Autonomous execution
A11: 7 | B11: Writing prompts | C11: → | D11: Designing reasoning frameworks
A12: 8 | B12: Building agents | C12: → | D12: Engineering reliable systems
A13: 9 | B13: More autonomy = better | C13: → | D13: More control = production-ready
A14: 10 | B14: LangChain for everything | C14: → | D14: Native SDK + MCP (skip heavy abstractions)
A15: 11 | B15: Vector DB + SQL separately | C15: → | D15: Postgres + pgvector (single store)
A16: 12 | B16: RAG as default | C16: → | D16: RAG as one pattern among many
... A20: 16 | B20: Skip governance | C20: → | D20: Governance from Day 1 (Layer 8)

Sheet 🚫 What to SKIP
A1: 🚫 WHAT TO SKIP / DEPRIORITIZE
A2: Things that look important but will waste your time — avoid these traps
A4: # | B4: Don't Do This | C4: Do This Instead
A5: 1 | B5: ❌ Don't over-learn every framework | C5: ✅ Learn LangChain/LangGraph well — skip the 10 others
A6: 2 | B6: ❌ Don't default to RAG for everything | C6: ✅ Pick retrieval pattern based on need (long context / RAG / GraphRAG / agentic search)
A7: 3 | B7: ❌ Don't fine-tune first | C7: ✅ 70% of production teams use off-the-shelf models — start there
A8: 4 | B8: ❌ Don't chase 100 YouTube tutorials | C8: ✅ Pick the 8 recommended videos, go deep on each
A9: 5 | B9: ❌ Don't start with frameworks | C9: ✅ Learn fundamentals first: APIs, JSON, prompts, control flow
A10: 6 | B10: ❌ Don't build without evaluation | C10: ✅ Build golden datasets BEFORE scaling any agent
A11: 7 | B11: ❌ Don't give agents full autonomy | C11: ✅ More constraint = more reliable (Berkeley research)
A12: 8 | B12: ❌ Don't skip governance | C12: ✅ 89% of teams skip Layer 8 — that's why they fail
A13: 9 | B13: ❌ Don't use the biggest model by default | C13: ✅ Right-size: SLMs for edge, LLMs for complex reasoning
A14: 10 | B14: ❌ Don't build separate Vector DB + SQL | C14: ✅ Postgres + pgvector = single modern store
A15: 11 | B15: ❌ Don't chase 'viral LinkedIn post' tools | C15: ✅ They kill your authentic voice
A16: 12 | B16: ❌ Don't skip MCP | C16: ✅ It's the most important spec to understand in 2026

Sheet 🔗 Resources
A1: 🔗 RECOMMENDED LEARNING RESOURCES
A3: # | B3: Resource | C3: Description | D3: Priority
A4: 1 | B4: Anthropic Claude 101 | C4: Baseline fluency with Claude | D4: Must
A5: 2 | B5: Anthropic: Building with Claude API | C5: Core API skills | D5: Must
A6: 3 | B6: Anthropic: Model Context Protocol intro | C6: The most important 2026 spec | D6: Must
A7: 4 | B7: Anthropic: Claude Code in Action | C7: How AI-native teams build | D7: High
A8: 5 | B8: Anthropic: Introduction to Agent Skills | C8: Reusable agent modules | D8: High
A9: 6 | B9: Anthropic: MCP Advanced Topics | C9: Deep MCP knowledge | D9: High
A10: 7 | B10: Anthropic: AI Fluency Framework | C10: Collaborate with AI properly | D10: Must
A11: 8 | B11: Claude on Bedrock (AWS) course | C11: Enterprise Claude deployment | D11: Medium
A12: 9 | B12: Claude on Vertex AI (GCP) course | C12: GCP Claude deployment | D12: Medium
A13: 10 | B13: Stanford: Agentic AI Overview | C13: Academic foundation | D13: High
A14: 11 | B14: Building & Evaluating Agents course | C14: Eval-first approach | D14: Must
A15: 12 | B15: Building Effective Agents (Anthropic blog) | C15: Architecture patterns | D15: Must
... A23: 20 | B23: FastAPI official docs | C23: Production AI APIs | D23: Must
